Timestamp,Actual_AQI,Predicted_AQI
2026-06-06 00:00:00,324,225.9
2026-06-06 01:00:00,324,320.0
2026-06-06 02:00:00,324,321.9
2026-06-06 03:00:00,324,321.9
2026-06-06 04:00:00,324,321.9
2026-06-06 05:00:00,324,321.9
2026-06-06 06:00:00,324,321.9
2026-06-06 07:00:00,324,321.9
2026-06-06 08:00:00,324,321.9
2026-06-06 09:00:00,324,321.8
2026-06-06 10:00:00,324,321.9
2026-06-06 11:00:00,324,321.9
2026-06-06 12:00:00,324,321.9
2026-06-06 13:00:00,324,321.9
2026-06-06 14:00:00,324,321.9
2026-06-06 15:00:00,324,321.9
2026-06-06 16:00:00,324,321.9
2026-06-06 17:00:00,324,321.9
2026-06-06 18:00:00,324,321.9
2026-06-06 19:00:00,324,321.9
2026-06-06 20:00:00,324,321.9
2026-06-06 21:00:00,324,321.9
2026-06-06 22:00:00,324,321.9
2026-06-06 23:00:00,324,321.9
2026-06-07 00:00:00,200,192.3
2026-06-07 01:00:00,200,117.6
2026-06-07 02:00:00,200,116.4
2026-06-07 03:00:00,200,116.5
2026-06-07 04:00:00,200,116.5
2026-06-07 05:00:00,200,116.5
2026-06-07 06:00:00,200,116.5
2026-06-07 07:00:00,200,116.5
2026-06-07 08:00:00,200,116.6
2026-06-07 09:00:00,200,116.6
2026-06-07 10:00:00,200,116.6
2026-06-07 11:00:00,200,116.6
2026-06-07 12:00:00,200,116.7
2026-06-07 13:00:00,200,116.7
2026-06-07 14:00:00,200,116.7
2026-06-07 15:00:00,200,116.7
2026-06-07 16:00:00,200,116.7
2026-06-07 16:20:18,57,57.0
2026-06-07 17:00:00,200,117.3
2026-06-07 18:00:00,200,117.3
2026-06-07 18:07:21,57,57.0
2026-06-07 19:00:00,200,117.1
2026-06-07 20:00:00,200,117.2
2026-06-07 20:15:14,57,57.0
2026-06-07 21:00:00,200,117.1
2026-06-07 22:00:00,200,117.1
2026-06-07 22:07:34,54,53.4
2026-06-07 23:00:00,200,116.4
2026-06-08 00:00:00,192,115.0
2026-06-08 00:13:04,56,56.2
2026-06-08 01:00:00,192,113.8
2026-06-08 02:00:00,192,113.7
2026-06-08 03:00:00,192,113.7
2026-06-08 04:00:00,192,113.6
2026-06-08 05:00:00,192,113.7
2026-06-08 05:54:00,59,58.7
2026-06-08 06:00:00,192,113.8
2026-06-08 07:00:00,192,113.8
2026-06-08 08:00:00,192,114.0
2026-06-08 09:00:00,192,113.9
2026-06-08 10:00:00,192,114.1
2026-06-08 11:00:00,192,114.1
2026-06-08 11:03:33,53,52.8
2026-06-08 12:00:00,192,113.8
2026-06-08 13:00:00,192,113.8
2026-06-08 14:00:00,192,113.8
2026-06-08 15:00:00,192,113.7
2026-06-08 15:59:19,51,51.3
2026-06-08 16:00:00,192,113.4
2026-06-08 17:00:00,192,113.4
2026-06-08 18:00:00,192,113.5
2026-06-08 18:31:48,66,65.3
2026-06-08 19:00:00,192,115.8
2026-06-08 20:00:00,192,115.6
2026-06-08 21:00:00,192,115.5
2026-06-08 21:12:34,64,63.6
2026-06-08 22:00:00,192,115.0
2026-06-08 23:00:00,192,115.1
2026-06-08 23:14:02,62,62.5
2026-06-09 00:00:00,158,107.3
2026-06-09 01:00:00,158,104.0
2026-06-09 02:00:00,158,103.3
2026-06-09 03:00:00,158,102.8
2026-06-09 03:51:32,59,58.6
2026-06-09 04:00:00,158,100.9
2026-06-09 05:00:00,158,100.9
2026-06-09 06:00:00,158,100.9
2026-06-09 07:00:00,158,101.0
2026-06-09 07:53:51,70,68.0
2026-06-09 08:00:00,158,103.3
2026-06-09 09:00:00,158,103.5
2026-06-09 10:00:00,158,103.5
2026-06-09 11:00:00,158,103.7
2026-06-09 11:20:17,57,57.0
2026-06-09 12:00:00,158,100.7
2026-06-09 13:00:00,158,100.7
2026-06-09 14:00:00,158,100.7
2026-06-09 15:00:00,158,100.7
2026-06-09 16:00:00,158,100.7
2026-06-09 17:00:00,158,100.7
2026-06-09 17:28:44,63,63.3
2026-06-09 18:00:00,158,102.1
2026-06-09 19:00:00,158,102.3
2026-06-09 20:00:00,158,101.8
2026-06-09 20:11:14,57,57.0
2026-06-09 21:00:00,158,100.7
2026-06-09 22:00:00,158,100.7
2026-06-09 22:26:26,52,51.9
2026-06-09 23:00:00,158,100.3
2026-06-10 00:00:00,163,102.2
2026-06-10 00:18:51,55,54.7
2026-06-10 01:00:00,163,102.1
2026-06-10 02:00:00,163,102.2
2026-06-10 03:00:00,163,102.2
2026-06-10 04:00:00,163,102.2
2026-06-10 05:00:00,163,102.2
2026-06-10 05:22:52,49,50.0
2026-06-10 06:00:00,163,102.0
2026-06-10 07:00:00,163,102.1
2026-06-10 08:00:00,163,102.1
2026-06-10 09:00:00,163,102.3
2026-06-10 10:00:00,163,102.3
2026-06-10 10:08:55,58,58.0
2026-06-10 11:00:00,163,103.0
2026-06-10 12:00:00,163,103.0
2026-06-10 13:00:00,163,102.9
2026-06-10 14:00:00,163,102.9
2026-06-10 14:27:07,53,52.7
2026-06-10 15:00:00,163,102.4
2026-06-10 16:00:00,163,102.4
2026-06-10 17:00:00,163,102.4
2026-06-10 18:00:00,163,102.4
2026-06-10 18:04:45,53,53.0
2026-06-10 19:00:00,163,102.4
2026-06-10 20:00:00,163,102.3
2026-06-10 21:00:00,163,102.2
2026-06-10 22:00:00,163,102.2
2026-06-10 23:00:00,163,102.2
2026-06-11 00:00:00,214,112.9
2026-06-11 01:00:00,214,118.3
2026-06-11 02:00:00,214,122.8
2026-06-11 03:00:00,214,124.8
2026-06-11 04:00:00,214,126.1
2026-06-11 05:00:00,214,126.7
2026-06-11 06:00:00,214,126.7
2026-06-11 07:00:00,214,126.7
2026-06-11 08:00:00,214,126.7
2026-06-11 09:00:00,214,126.7
2026-06-11 10:00:00,214,126.7
2026-06-11 11:00:00,214,126.7
2026-06-11 12:00:00,214,126.6
2026-06-11 13:00:00,214,126.6
2026-06-11 14:00:00,214,126.6
2026-06-11 15:00:00,214,126.6
2026-06-11 16:00:00,214,126.6
2026-06-11 17:00:00,214,126.6
2026-06-11 18:00:00,214,126.6
2026-06-11 19:00:00,214,126.6
2026-06-11 20:00:00,214,126.6
2026-06-11 21:00:00,214,126.6
2026-06-11 22:00:00,214,126.8
2026-06-11 23:00:00,214,126.8
2026-06-12 00:00:00,248,174.0
2026-06-12 01:00:00,248,229.0
2026-06-12 02:00:00,248,230.4
2026-06-12 03:00:00,248,238.3
2026-06-12 04:00:00,248,238.8
2026-06-12 05:00:00,248,239.1
2026-06-12 06:00:00,248,239.1
2026-06-12 07:00:00,248,239.1
2026-06-12 08:00:00,248,239.1
2026-06-12 09:00:00,248,239.1
2026-06-12 10:00:00,248,239.1
2026-06-12 11:00:00,248,239.1
2026-06-12 12:00:00,248,239.1
2026-06-12 13:00:00,248,239.1
2026-06-12 14:00:00,248,239.1
2026-06-12 15:00:00,248,239.1
2026-06-12 16:00:00,248,239.1
2026-06-12 17:00:00,248,239.1
2026-06-12 18:00:00,248,239.1
2026-06-12 19:00:00,248,239.1
2026-06-12 20:00:00,248,239.1
2026-06-12 21:00:00,248,239.1
2026-06-12 22:00:00,248,239.1
2026-06-12 23:00:00,248,241.6
2026-06-13 00:00:00,316,295.8
2026-06-13 01:00:00,316,301.4
2026-06-13 02:00:00,316,304.0
2026-06-13 03:00:00,316,299.3
2026-06-13 04:00:00,316,311.0
2026-06-13 05:00:00,316,319.1
2026-06-13 06:00:00,316,319.1
2026-06-13 07:00:00,316,319.1
2026-06-13 08:00:00,316,319.1
2026-06-13 09:00:00,316,319.1
2026-06-13 10:00:00,316,319.1
2026-06-13 11:00:00,316,319.1
2026-06-13 12:00:00,316,319.1
2026-06-13 13:00:00,316,319.1
2026-06-13 14:00:00,316,319.1
2026-06-13 15:00:00,316,319.1
2026-06-13 16:00:00,316,319.1
2026-06-13 17:00:00,316,319.1
2026-06-13 18:00:00,316,319.1
2026-06-13 19:00:00,316,319.1
2026-06-13 20:00:00,316,319.1
2026-06-13 21:00:00,316,319.1
2026-06-13 22:00:00,316,319.1
2026-06-13 23:00:00,316,319.4
2026-06-14 00:00:00,189,231.8
2026-06-14 01:00:00,189,162.0
2026-06-14 02:00:00,189,150.5
2026-06-14 03:00:00,189,146.5
2026-06-14 04:00:00,189,116.5
2026-06-14 05:00:00,189,113.7
2026-06-14 06:00:00,189,113.7
2026-06-14 07:00:00,189,113.7
2026-06-14 08:00:00,189,113.7
2026-06-14 09:00:00,189,113.7
2026-06-14 10:00:00,189,113.7
2026-06-14 11:00:00,189,113.7
2026-06-14 12:00:00,189,113.6
2026-06-14 13:00:00,189,113.6
2026-06-14 14:00:00,189,113.6
2026-06-14 15:00:00,189,113.6
2026-06-14 16:00:00,189,113.6
2026-06-14 17:00:00,189,113.6
2026-06-14 18:00:00,189,113.6
2026-06-14 19:00:00,189,113.6
2026-06-14 20:00:00,189,113.6
2026-06-14 21:00:00,189,113.6
2026-06-14 22:00:00,189,113.5
2026-06-14 23:00:00,189,113.5
2026-06-15 00:00:00,189,113.3
2026-06-15 01:00:00,189,113.3
2026-06-15 02:00:00,189,113.3
2026-06-15 03:00:00,189,113.3
2026-06-15 04:00:00,189,113.3
2026-06-15 05:00:00,189,113.3
2026-06-15 06:00:00,189,113.3
2026-06-15 07:00:00,189,113.3
2026-06-15 08:00:00,189,113.3
2026-06-15 09:00:00,189,113.3
2026-06-15 10:00:00,189,113.3
2026-06-15 11:00:00,189,113.3
2026-06-15 12:00:00,189,113.2
2026-06-15 13:00:00,189,113.2
2026-06-15 14:00:00,189,113.2
2026-06-15 15:00:00,189,113.2
2026-06-15 16:00:00,189,113.2
2026-06-15 17:00:00,189,113.2
2026-06-15 18:00:00,189,113.2
2026-06-15 19:00:00,189,113.2
2026-06-15 20:00:00,189,113.2
2026-06-15 21:00:00,189,113.2
2026-06-15 22:00:00,189,113.2
2026-06-15 23:00:00,189,113.2
2026-06-16 00:00:00,234,124.9
2026-06-16 01:00:00,234,174.8
2026-06-16 02:00:00,234,176.9
2026-06-16 03:00:00,234,211.7
2026-06-16 04:00:00,234,213.4
2026-06-16 05:00:00,234,217.8
2026-06-16 06:00:00,234,217.8
2026-06-16 07:00:00,234,217.8
2026-06-16 08:00:00,234,217.8
2026-06-16 09:00:00,234,217.8
2026-06-16 10:00:00,234,217.8
2026-06-16 11:00:00,234,218.6
2026-06-16 12:00:00,234,217.8
2026-06-16 13:00:00,234,217.8
2026-06-16 14:00:00,234,217.8
2026-06-16 15:00:00,234,217.8
2026-06-16 16:00:00,234,217.8
2026-06-16 17:00:00,234,217.8
2026-06-16 18:00:00,234,217.8
2026-06-16 19:00:00,234,217.8
2026-06-16 20:00:00,234,217.8
2026-06-16 21:00:00,234,217.8
2026-06-16 22:00:00,234,217.8
2026-06-16 23:00:00,234,217.8
